id,title,image,link,content,date
1,UN Human Rights Council Controversies,/data/1.jpg,/blog/human-rights-council-controversies,"An in-depth analysis of the controversies surrounding the UN Human Rights Council, including the participation of nations with questionable human rights records.",2023-10-15
2,UNRWA's Alleged Connections to Hamas,/data/2.jpg,/blog/unrwa-hamas-connections,"Exploring the allegations linking UNRWA to Hamas, examining evidence of support and complicity in terrorist activities.",2023-10-16
3,Security Council Reform Needs,/data/3.jpg,/blog/security-council-reform,"Discussing the urgent need for reforming the UN Security Council to address its inefficiencies and the dominance of veto-wielding powers.",2023-10-17
4,The UN’s Failure in Myanmar,/data/4.jpg,/blog/un-failure-myanmar,"A deep dive into the UN’s inability to prevent or stop the ethnic cleansing of the Rohingya in Myanmar, and the subsequent humanitarian crisis.",2023-10-18
5,Rwanda: A Genocide Ignored,/data/5.jpg,/blog/rwanda-genocide-ignored,"An exploration of how the UN’s inaction during the 1994 Rwandan genocide led to the deaths of over 800,000 people and its impact on the organization's credibility.",2023-10-19
6,The UN's Ineffectiveness in Syria,/data/6.jpg,/blog/un-ineffectiveness-syria,"Discussing the UN's failure to address the ongoing civil war in Syria, including its inability to prevent chemical attacks and widespread human rights abuses.",2023-10-20
7,The UN and North Korea: A Case of Diplomatic Failure,/data/7.jpg,/blog/un-north-korea-diplomatic-failure,"An analysis of the UN’s ineffective responses to North Korea's nuclear ambitions and human rights violations.",2023-10-21
8,Corruption Within UN Peacekeeping Missions,/data/8.jpg,/blog/un-peacekeeping-corruption,"Investigating allegations of corruption and sexual exploitation within UN peacekeeping missions and their impact on global trust in the UN.",2023-10-22
9,UN Environmental Failures: The Case of Climate Change,/data/9.jpg,/blog/un-environmental-failures,"Evaluating the UN’s shortcomings in addressing climate change, despite numerous conferences and agreements.",2023-10-23
10,UNRWA and October 7: A Disturbing Link,/data/10.jpg,/blog/unrwa-october7-disturbing-link,"Examining the connection between UNRWA and the October 7, 2023, Hamas attack on Israel, and its implications for global security.",2023-10-24
11,The UN’s Role in the Yemen Crisis,/data/11.jpg,/blog/un-role-yemen-crisis,"A critical look at the UN's response to the humanitarian crisis in Yemen and its failure to bring an end to the conflict.",2023-10-25
12,UNESCO and Controversial World Heritage Sites,/data/12.jpg,/blog/unesco-controversial-sites,"Exploring the controversies surrounding UNESCO's selection of World Heritage Sites, including allegations of political bias.",2023-10-26
13,The UN’s Response to the COVID-19 Pandemic,/data/13.jpg,/blog/un-response-covid19,"Analyzing the effectiveness of the UN’s response to the COVID-19 pandemic and the criticisms it faced.",2023-10-27
14,Failures of the UN in Addressing Global Poverty,/data/14.jpg,/blog/un-failures-global-poverty,"Discussing how the UN's initiatives to reduce global poverty have fallen short and the factors contributing to these failures.",2023-10-28
15,The UN and the Crisis in Venezuela,/data/15.jpg,/blog/un-crisis-venezuela,"Evaluating the UN’s handling of the crisis in Venezuela, including its failure to address human rights abuses and political corruption.",2023-10-29
16,The UN's Silence on China’s Uyghur Repression,/data/16.jpg,/blog/un-silence-uyghur-repression,"An in-depth look at the UN's muted response to the repression of Uyghur Muslims in China and the international backlash.",2023-10-30
17,The UN and the Kashmir Conflict,/data/17.jpg,/blog/un-kashmir-conflict,"Assessing the UN's involvement in the Kashmir conflict and its failure to mediate a lasting peace between India and Pakistan.",2023-10-31
18,The UN’s Ineffectiveness in Addressing Sexual Violence in Conflict Zones,/data/18.jpg,/blog/un-sexual-violence-conflict-zones,"Investigating the UN’s failure to prevent and respond to sexual violence in conflict zones, despite its commitments to gender equality.",2023-11-01
19,The UN and the Israel-Palestine Conflict,/data/19.jpg,/blog/un-israel-palestine-conflict,"A critical analysis of the UN's role in the ongoing Israel-Palestine conflict, including its perceived biases and failed peace initiatives.",2023-11-02
20,The UN’s Complicity in the South Sudan Conflict,/data/20.jpg,/blog/un-complicity-south-sudan-conflict,"Examining the UN’s role in the South Sudan conflict, including allegations of complicity in human rights violations and failures in peacekeeping.",2023-11-03